event_id,application_id,event_type,event_time,response_time_ms,server_id,error_code,service_name,session_id
EVT0000001,APP00012,Session Timeout,00:41.4,22318,SRV2,SESSION_TIMEOUT,Application Service,SES_APP00012
EVT0000002,APP00014,Service Error,18:51.8,19491,SRV1,PROCESSING_ERROR,Upload Service,SES_APP00014
EVT0000003,APP00059,Session Timeout,24:13.2,20186,SRV2,SESSION_TIMEOUT,Application Service,SES_APP00059
EVT0000004,APP00064,Session Timeout,36:31.4,9059,SRV2,SESSION_TIMEOUT,Application Service,SES_APP00064
EVT0000005,APP00082,Session Timeout,33:12.1,13262,SRV2,SESSION_TIMEOUT,Application Service,SES_APP00082
EVT0000006,APP00091,Session Timeout,15:38.8,25881,SRV3,SESSION_TIMEOUT,Application Service,SES_APP00091
EVT0000007,APP00110,Session Timeout,11:28.1,13795,SRV1,SESSION_TIMEOUT,Application Service,SES_APP00110
EVT0000008,APP00114,Session Timeout,59:23.2,20470,SRV4,SESSION_TIMEOUT,Application Service,SES_APP00114
EVT0000009,APP00135,Service Error,33:19.7,4152,SRV3,HTTP_5XX,Upload Service,SES_APP00135
EVT0000010,APP00139,Session Timeout,07:27.0,15279,SRV2,SESSION_TIMEOUT,Application Service,SES_APP00139
EVT0000011,APP00139,Service Error,04:27.0,18445,SRV1,INTEGRATION_TIMEOUT,Compliance Service,SES_APP00139
EVT0000012,APP00161,Session Timeout,43:36.2,14440,SRV3,SESSION_TIMEOUT,Application Service,SES_APP00161
EVT0000013,APP00162,Service Error,25:44.6,14932,SRV4,PROCESSING_ERROR,Upload Service,SES_APP00162
EVT0000014,APP00163,Session Timeout,31:55.8,10060,SRV3,SESSION_TIMEOUT,Application Service,SES_APP00163
EVT0000015,APP00172,Session Timeout,38:36.0,7852,SRV1,SESSION_TIMEOUT,Application Service,SES_APP00172
EVT0000016,APP00175,Service Error,54:35.3,15921,SRV4,HTTP_5XX,Compliance Service,SES_APP00175
EVT0000017,APP00178,Service Error,27:15.5,14450,SRV2,INTEGRATION_TIMEOUT,Upload Service,SES_APP00178
EVT0000018,APP00182,Service Error,59:57.0,14622,SRV4,HTTP_5XX,Upload Service,SES_APP00182
EVT0000019,APP00192,Session Timeout,25:20.4,19548,SRV1,SESSION_TIMEOUT,Application Service,SES_APP00192
EVT0000020,APP00201,Session Timeout,23:02.0,13039,SRV3,SESSION_TIMEOUT,Application Service,SES_APP00201
EVT0000021,APP00208,Session Timeout,00:27.3,19111,SRV2,SESSION_TIMEOUT,Application Service,SES_APP00208
EVT0000022,APP00210,Service Error,03:32.7,8323,SRV2,PROCESSING_ERROR,Compliance Service,SES_APP00210
EVT0000023,APP00229,Service Error,02:45.7,-6109,SRV4,HTTP_5XX,Compliance Service,SES_APP00229
EVT0000024,APP00240,Session Timeout,36:22.5,15761,SRV3,SESSION_TIMEOUT,Application Service,SES_APP00240
EVT0000025,APP00244,Service Error,19:57.3,23554,SRV3,PROCESSING_ERROR,Upload Service,SES_APP00244
EVT0000026,APP00247,Session Timeout,10:30.4,4875,SRV4,SESSION_TIMEOUT,Application Service,SES_APP00247
EVT0000027,APP00258,Session Timeout,52:57.2,11658,SRV2,SESSION_TIMEOUT,Application Service,SES_APP00258
EVT0000028,APP00262,Session Timeout,13:47.4,8236,SRV1,SESSION_TIMEOUT,Application Service,SES_APP00262
EVT0000029,APP00281,Service Error,48:57.2,3447,SRV2,HTTP_5XX,Document Service,SES_APP00281
EVT0000030,APP00284,Session Timeout,29:34.2,20942,SRV1,SESSION_TIMEOUT,Application Service,SES_APP00284
EVT0000031,APP00304,Service Error,31:54.2,2075,SRV3,PROCESSING_ERROR,Upload Service,SES_APP00304
EVT0000032,APP00312,Service Error,18:54.2,3959,SRV1,INTEGRATION_TIMEOUT,Upload Service,SES_APP00312
EVT0000033,APP00322,Session Timeout,02:34.4,27870,SRV3,SESSION_TIMEOUT,Application Service,SES_APP00322
EVT0000034,APP00332,Service Error,43:35.7,4223,SRV3,PROCESSING_ERROR,Upload Service,SES_APP00332
EVT0000035,APP00353,Service Error,04:10.5,13001,SRV4,PROCESSING_ERROR,Document Service,SES_APP00353
EVT0000036,APP00357,Session Timeout,21:23.0,24712,SRV2,SESSION_TIMEOUT,Application Service,SES_APP00357
EVT0000037,APP00358,Session Timeout,10:11.4,28149,SRV2,SESSION_TIMEOUT,Application Service,SES_APP00358
EVT0000038,APP00364,Service Error,52:00.0,16301,SRV1,INTEGRATION_TIMEOUT,Upload Service,SES_APP00364
EVT0000039,APP00382,Service Error,59:26.4,15917,SRV4,INTEGRATION_TIMEOUT,Document Service,SES_APP00382
EVT0000040,APP00411,Service Error,28:17.9,3466,SRV1,INTEGRATION_TIMEOUT,Compliance Service,SES_APP00411
EVT0000041,APP00429,Session Timeout,13:00.0,2779,SRV3,SESSION_TIMEOUT,Application Service,SES_APP00429
EVT0000042,APP00445,Session Timeout,03:52.6,18555,SRV1,SESSION_TIMEOUT,Application Service,SES_APP00445
EVT0000043,APP00467,Service Error,08:07.8,10816,SRV3,INTEGRATION_TIMEOUT,Compliance Service,SES_APP00467
EVT0000044,APP00486,Service Error,45:25.9,9031,SRV2,INTEGRATION_TIMEOUT,Document Service,SES_APP00486
EVT0000045,APP00498,Session Timeout,44:00.0,35354,SRV2,SESSION_TIMEOUT,Application Service,SES_APP00498
EVT0000046,APP00531,Session Timeout,41:28.6,15508,SRV2,SESSION_TIMEOUT,Application Service,SES_APP00531
EVT0000047,APP00532,Session Timeout,28:28.7,17634,SRV3,SESSION_TIMEOUT,Application Service,SES_APP00532
EVT0000048,APP00534,Service Error,07:24.4,10900,SRV1,HTTP_5XX,Compliance Service,SES_APP00534
EVT0000049,APP00536,Session Timeout,54:03.8,-282,SRV3,SESSION_TIMEOUT,Application Service,SES_APP00536
EVT0000050,APP00585,Service Error,59:32.9,13238,SRV3,PROCESSING_ERROR,Upload Service,SES_APP00585
EVT0000051,APP00586,Session Timeout,29:18.6,27832,SRV4,SESSION_TIMEOUT,Application Service,SES_APP00586
EVT0000052,APP00589,Service Error,19:21.0,22986,SRV2,HTTP_5XX,Document Service,SES_APP00589
EVT0000053,APP00603,Session Timeout,16:26.9,27708,SRV1,SESSION_TIMEOUT,Application Service,SES_APP00603
EVT0000054,APP00613,Session Timeout,28:56.5,19822,SRV1,SESSION_TIMEOUT,Application Service,SES_APP00613
EVT0000055,APP00617,Session Timeout,48:05.5,2493,SRV4,SESSION_TIMEOUT,Application Service,SES_APP00617
EVT0000056,APP00625,Session Timeout,27:47.5,8362,SRV2,SESSION_TIMEOUT,Application Service,SES_APP00625
EVT0000057,APP00630,Session Timeout,33:13.9,18333,SRV1,SESSION_TIMEOUT,Application Service,SES_APP00630
EVT0000058,APP00641,Service Error,52:45.2,16444,SRV4,INTEGRATION_TIMEOUT,Document Service,SES_APP00641
EVT0000059,APP00645,Session Timeout,36:42.4,18734,SRV2,SESSION_TIMEOUT,Application Service,SES_APP00645
EVT0000060,APP00649,Session Timeout,29:17.8,22474,SRV4,SESSION_TIMEOUT,Application Service,SES_APP00649
EVT0000061,APP00653,Session Timeout,15:39.0,14765,SRV3,SESSION_TIMEOUT,Application Service,SES_APP00653
EVT0000062,APP00659,Service Error,02:19.6,15344,SRV3,INTEGRATION_TIMEOUT,Document Service,SES_APP00659
EVT0000063,APP00668,Session Timeout,35:45.6,6543,SRV3,SESSION_TIMEOUT,Application Service,SES_APP00668
EVT0000064,APP00671,Session Timeout,52:54.0,43126,SRV2,SESSION_TIMEOUT,Application Service,SES_APP00671
EVT0000065,APP00673,Session Timeout,43:40.4,28661,SRV4,SESSION_TIMEOUT,Application Service,SES_APP00673
EVT0000066,APP00674,Service Error,25:14.6,10570,SRV2,HTTP_5XX,Compliance Service,SES_APP00674
EVT0000067,APP00680,Session Timeout,04:59.0,40203,SRV4,SESSION_TIMEOUT,Application Service,SES_APP00680
EVT0000068,APP00681,Session Timeout,09:55.9,16170,SRV1,SESSION_TIMEOUT,Application Service,SES_APP00681
EVT0000069,APP00686,Session Timeout,21:30.6,16297,SRV2,SESSION_TIMEOUT,Application Service,SES_APP00686
EVT0000070,APP00692,Service Error,38:10.5,14428,SRV4,HTTP_5XX,Compliance Service,SES_APP00692
EVT0000071,APP00693,Service Error,15:16.8,13955,SRV1,HTTP_5XX,Compliance Service,SES_APP00693
EVT0000072,APP00700,Service Error,45:12.6,13585,SRV2,PROCESSING_ERROR,Upload Service,SES_APP00700
EVT0000073,APP00709,Session Timeout,21:50.1,16715,SRV2,SESSION_TIMEOUT,Application Service,SES_APP00709
EVT0000074,APP00721,Session Timeout,20:10.3,22362,SRV1,SESSION_TIMEOUT,Application Service,SES_APP00721
EVT0000075,APP00736,Session Timeout,33:54.6,33783,SRV3,SESSION_TIMEOUT,Application Service,SES_APP00736
EVT0000076,APP00736,Service Error,20:54.6,30205,SRV3,INTEGRATION_TIMEOUT,Document Service,SES_APP00736
EVT0000077,APP00737,Session Timeout,06:09.3,20726,SRV2,SESSION_TIMEOUT,Application Service,SES_APP00737
EVT0000078,APP00740,Service Error,47:00.6,12592,SRV4,HTTP_5XX,Compliance Service,SES_APP00740
EVT0000079,APP00744,Service Error,30:10.7,4601,SRV3,INTEGRATION_TIMEOUT,Compliance Service,SES_APP00744
EVT0000080,APP00760,Session Timeout,48:52.7,32459,SRV4,SESSION_TIMEOUT,Application Service,SES_APP00760
EVT0000081,APP00763,Session Timeout,48:27.6,16245,SRV2,SESSION_TIMEOUT,Application Service,SES_APP00763
EVT0000082,APP00770,Session Timeout,20:17.0,23332,SRV1,SESSION_TIMEOUT,Application Service,SES_APP00770
EVT0000083,APP00808,Service Error,36:04.3,17301,SRV4,INTEGRATION_TIMEOUT,Document Service,SES_APP00808
EVT0000084,APP00813,Service Error,38:52.8,13223,SRV1,HTTP_5XX,Upload Service,SES_APP00813
EVT0000085,APP00815,Session Timeout,25:18.7,26530,SRV3,SESSION_TIMEOUT,Application Service,SES_APP00815
EVT0000086,APP00830,Session Timeout,26:30.5,13640,SRV2,SESSION_TIMEOUT,Application Service,SES_APP00830
EVT0000087,APP00833,Service Error,54:09.7,9883,SRV1,PROCESSING_ERROR,Document Service,SES_APP00833
EVT0000088,APP00848,Service Error,17:12.9,20618,SRV4,INTEGRATION_TIMEOUT,Upload Service,SES_APP00848
EVT0000089,APP00854,Service Error,24:26.0,11268,SRV3,INTEGRATION_TIMEOUT,Upload Service,SES_APP00854
EVT0000090,APP00859,Service Error,36:00.0,18071,SRV2,HTTP_5XX,Document Service,SES_APP00859
EVT0000091,APP00866,Session Timeout,13:18.9,16599,SRV2,SESSION_TIMEOUT,Application Service,SES_APP00866
EVT0000092,APP00888,Session Timeout,25:46.6,28231,SRV4,SESSION_TIMEOUT,Application Service,SES_APP00888
EVT0000093,APP00913,Session Timeout,24:03.1,17774,SRV3,SESSION_TIMEOUT,Application Service,SES_APP00913
EVT0000094,APP00915,Session Timeout,21:05.0,22110,SRV4,SESSION_TIMEOUT,Application Service,SES_APP00915
EVT0000095,APP00927,Session Timeout,06:06.8,15794,SRV1,SESSION_TIMEOUT,Application Service,SES_APP00927
EVT0000096,APP00957,Service Error,59:30.1,11289,SRV4,INTEGRATION_TIMEOUT,Compliance Service,SES_APP00957
EVT0000097,APP01004,Session Timeout,03:34.3,26079,SRV2,SESSION_TIMEOUT,Application Service,SES_APP01004
EVT0000098,APP01018,Session Timeout,40:03.3,6504,SRV1,SESSION_TIMEOUT,Application Service,SES_APP01018
EVT0000099,APP01024,Service Error,25:02.3,14259,SRV4,INTEGRATION_TIMEOUT,Upload Service,SES_APP01024
EVT0000100,APP01035,Session Timeout,03:36.9,1352,SRV4,SESSION_TIMEOUT,Application Service,SES_APP01035
EVT0000101,APP01038,Session Timeout,43:20.8,6659,SRV3,SESSION_TIMEOUT,Application Service,SES_APP01038
EVT0000102,APP01040,Session Timeout,18:50.5,15081,SRV3,SESSION_TIMEOUT,Application Service,SES_APP01040
EVT0000103,APP01054,Session Timeout,03:15.1,12152,SRV3,SESSION_TIMEOUT,Application Service,SES_APP01054
EVT0000104,APP01057,Service Error,01:48.7,10808,SRV1,PROCESSING_ERROR,Upload Service,SES_APP01057
EVT0000105,APP01072,Service Error,37:49.6,10740,SRV1,PROCESSING_ERROR,Upload Service,SES_APP01072
EVT0000106,APP01073,Session Timeout,45:33.0,8315,SRV3,SESSION_TIMEOUT,Application Service,SES_APP01073
EVT0000107,APP01080,Session Timeout,55:21.8,25754,SRV4,SESSION_TIMEOUT,Application Service,SES_APP01080
EVT0000108,APP01085,Session Timeout,08:57.1,18442,SRV3,SESSION_TIMEOUT,Application Service,SES_APP01085
EVT0000109,APP01107,Service Error,41:43.6,-2992,SRV1,HTTP_5XX,Document Service,SES_APP01107
EVT0000110,APP01112,Service Error,47:42.7,5019,SRV4,HTTP_5XX,Upload Service,SES_APP01112
EVT0000111,APP01130,Service Error,58:46.4,16189,SRV2,HTTP_5XX,Document Service,SES_APP01130
EVT0000112,APP01132,Service Error,39:33.1,18842,SRV3,INTEGRATION_TIMEOUT,Upload Service,SES_APP01132
EVT0000113,APP01141,Service Error,24:22.4,14023,SRV3,PROCESSING_ERROR,Document Service,SES_APP01141
EVT0000114,APP01158,Session Timeout,57:24.2,5793,SRV3,SESSION_TIMEOUT,Application Service,SES_APP01158
EVT0000115,APP01168,Service Error,19:44.1,11138,SRV3,HTTP_5XX,Compliance Service,SES_APP01168
EVT0000116,APP01183,Session Timeout,38:30.3,20675,SRV4,SESSION_TIMEOUT,Application Service,SES_APP01183
EVT0000117,APP01184,Service Error,34:29.2,26201,SRV3,HTTP_5XX,Upload Service,SES_APP01184
EVT0000118,APP01191,Session Timeout,43:46.0,28243,SRV2,SESSION_TIMEOUT,Application Service,SES_APP01191
EVT0000119,APP01193,Service Error,02:26.3,16513,SRV2,INTEGRATION_TIMEOUT,Compliance Service,SES_APP01193
EVT0000120,APP01194,Session Timeout,14:24.7,6544,SRV3,SESSION_TIMEOUT,Application Service,SES_APP01194
EVT0000121,APP01198,Session Timeout,23:15.8,26843,SRV2,SESSION_TIMEOUT,Application Service,SES_APP01198
EVT0000122,APP01218,Service Error,40:59.4,19686,SRV3,HTTP_5XX,Upload Service,SES_APP01218
EVT0000123,APP01219,Session Timeout,29:03.8,26661,SRV3,SESSION_TIMEOUT,Application Service,SES_APP01219
EVT0000124,APP01235,Session Timeout,52:26.6,25441,SRV1,SESSION_TIMEOUT,Application Service,SES_APP01235
EVT0000125,APP01256,Session Timeout,54:09.5,40046,SRV4,SESSION_TIMEOUT,Application Service,SES_APP01256
EVT0000126,APP01290,Session Timeout,16:36.8,12436,SRV2,SESSION_TIMEOUT,Application Service,SES_APP01290
EVT0000127,APP01330,Session Timeout,02:02.1,21065,SRV2,SESSION_TIMEOUT,Application Service,SES_APP01330
EVT0000128,APP01336,Service Error,06:39.9,23296,SRV3,INTEGRATION_TIMEOUT,Document Service,SES_APP01336
EVT0000129,APP01337,Session Timeout,58:19.0,21068,SRV1,SESSION_TIMEOUT,Application Service,SES_APP01337
EVT0000130,APP01345,Session Timeout,47:49.1,39780,SRV2,SESSION_TIMEOUT,Application Service,SES_APP01345
EVT0000131,APP01346,Session Timeout,30:04.8,15161,SRV4,SESSION_TIMEOUT,Application Service,SES_APP01346
EVT0000132,APP01369,Session Timeout,04:59.9,21630,SRV1,SESSION_TIMEOUT,Application Service,SES_APP01369
EVT0000133,APP01370,Service Error,25:12.3,6525,SRV1,PROCESSING_ERROR,Compliance Service,SES_APP01370
EVT0000134,APP01388,Session Timeout,58:00.0,1693,SRV2,SESSION_TIMEOUT,Application Service,SES_APP01388
EVT0000135,APP01391,Session Timeout,16:51.4,33306,SRV4,SESSION_TIMEOUT,Application Service,SES_APP01391
EVT0000136,APP01393,Session Timeout,28:00.0,32620,SRV4,SESSION_TIMEOUT,Application Service,SES_APP01393
EVT0000137,APP01401,Session Timeout,49:48.8,20725,SRV2,SESSION_TIMEOUT,Application Service,SES_APP01401
EVT0000138,APP01415,Session Timeout,53:00.0,20726,SRV4,SESSION_TIMEOUT,Application Service,SES_APP01415
EVT0000139,APP01428,Service Error,59:51.0,2622,SRV3,HTTP_5XX,Compliance Service,SES_APP01428
EVT0000140,APP01429,Session Timeout,24:28.9,18124,SRV3,SESSION_TIMEOUT,Application Service,SES_APP01429
EVT0000141,APP01435,Session Timeout,58:56.3,18426,SRV1,SESSION_TIMEOUT,Application Service,SES_APP01435
EVT0000142,APP01445,Session Timeout,32:00.8,22449,SRV2,SESSION_TIMEOUT,Application Service,SES_APP01445
EVT0000143,APP01453,Session Timeout,36:27.2,17208,SRV4,SESSION_TIMEOUT,Application Service,SES_APP01453
EVT0000144,APP01463,Service Error,33:35.9,8621,SRV1,PROCESSING_ERROR,Upload Service,SES_APP01463
EVT0000145,APP01467,Session Timeout,35:48.7,24603,SRV4,SESSION_TIMEOUT,Application Service,SES_APP01467
EVT0000146,APP01472,Session Timeout,14:45.8,17590,SRV4,SESSION_TIMEOUT,Application Service,SES_APP01472
EVT0000147,APP01483,Session Timeout,12:12.7,27249,SRV4,SESSION_TIMEOUT,Application Service,SES_APP01483
EVT0000148,APP01508,Service Error,49:56.4,9133,SRV2,HTTP_5XX,Compliance Service,SES_APP01508
EVT0000149,APP01555,Service Error,51:04.0,15056,SRV2,PROCESSING_ERROR,Upload Service,SES_APP01555
EVT0000150,APP01557,Session Timeout,12:55.4,-4302,SRV3,SESSION_TIMEOUT,Application Service,SES_APP01557
EVT0000151,APP01558,Session Timeout,24:04.7,12828,SRV4,SESSION_TIMEOUT,Application Service,SES_APP01558
EVT0000152,APP01562,Service Error,55:54.8,9791,SRV1,INTEGRATION_TIMEOUT,Document Service,SES_APP01562
EVT0000153,APP01569,Session Timeout,04:44.6,3300,SRV4,SESSION_TIMEOUT,Application Service,SES_APP01569
EVT0000154,APP01570,Session Timeout,25:44.9,22912,SRV2,SESSION_TIMEOUT,Application Service,SES_APP01570
EVT0000155,APP01577,Service Error,24:37.7,1206,SRV4,HTTP_5XX,Document Service,SES_APP01577
EVT0000156,APP01591,Service Error,21:56.9,10555,SRV3,HTTP_5XX,Document Service,SES_APP01591
EVT0000157,APP01598,Service Error,26:40.9,-5478,SRV4,INTEGRATION_TIMEOUT,Upload Service,SES_APP01598
EVT0000158,APP01601,Session Timeout,10:07.2,19038,SRV4,SESSION_TIMEOUT,Application Service,SES_APP01601
EVT0000159,APP01613,Service Error,55:44.1,10948,SRV2,HTTP_5XX,Upload Service,SES_APP01613
EVT0000160,APP01647,Session Timeout,12:46.2,-101,SRV4,SESSION_TIMEOUT,Application Service,SES_APP01647
EVT0000161,APP01655,Service Error,44:58.8,6794,SRV2,INTEGRATION_TIMEOUT,Compliance Service,SES_APP01655
EVT0000162,APP01681,Session Timeout,11:00.0,12871,SRV2,SESSION_TIMEOUT,Application Service,SES_APP01681
EVT0000163,APP01709,Session Timeout,26:58.0,13226,SRV2,SESSION_TIMEOUT,Application Service,SES_APP01709
EVT0000164,APP01716,Service Error,24:16.4,18875,SRV2,PROCESSING_ERROR,Upload Service,SES_APP01716
EVT0000165,APP01718,Session Timeout,23:29.4,18983,SRV4,SESSION_TIMEOUT,Application Service,SES_APP01718
EVT0000166,APP01721,Session Timeout,28:01.4,20033,SRV1,SESSION_TIMEOUT,Application Service,SES_APP01721
EVT0000167,APP01724,Session Timeout,31:41.1,15560,SRV2,SESSION_TIMEOUT,Application Service,SES_APP01724
EVT0000168,APP01725,Session Timeout,54:45.1,17811,SRV2,SESSION_TIMEOUT,Application Service,SES_APP01725
EVT0000169,APP01730,Service Error,35:29.6,14595,SRV2,PROCESSING_ERROR,Document Service,SES_APP01730
EVT0000170,APP01736,Session Timeout,42:13.8,31894,SRV3,SESSION_TIMEOUT,Application Service,SES_APP01736
EVT0000171,APP01750,Session Timeout,18:07.1,15321,SRV3,SESSION_TIMEOUT,Application Service,SES_APP01750
EVT0000172,APP01769,Session Timeout,23:49.7,14064,SRV3,SESSION_TIMEOUT,Application Service,SES_APP01769
EVT0000173,APP01783,Session Timeout,43:51.4,17062,SRV1,SESSION_TIMEOUT,Application Service,SES_APP01783
EVT0000174,APP01797,Session Timeout,22:54.5,29065,SRV3,SESSION_TIMEOUT,Application Service,SES_APP01797
EVT0000175,APP01810,Service Error,29:52.7,12893,SRV2,PROCESSING_ERROR,Document Service,SES_APP01810
EVT0000176,APP01821,Session Timeout,45:22.0,25398,SRV4,SESSION_TIMEOUT,Application Service,SES_APP01821
EVT0000177,APP01838,Service Error,31:14.2,7573,SRV1,HTTP_5XX,Compliance Service,SES_APP01838
EVT0000178,APP01844,Service Error,33:47.5,11039,SRV1,INTEGRATION_TIMEOUT,Document Service,SES_APP01844
EVT0000179,APP01873,Service Error,59:48.2,17949,SRV1,INTEGRATION_TIMEOUT,Upload Service,SES_APP01873
EVT0000180,APP01874,Session Timeout,59:45.3,23108,SRV1,SESSION_TIMEOUT,Application Service,SES_APP01874
EVT0000181,APP01905,Service Error,10:23.9,9415,SRV4,HTTP_5XX,Compliance Service,SES_APP01905
EVT0000182,APP01906,Session Timeout,22:19.9,7035,SRV1,SESSION_TIMEOUT,Application Service,SES_APP01906
EVT0000183,APP01909,Session Timeout,17:01.9,4332,SRV2,SESSION_TIMEOUT,Application Service,SES_APP01909
EVT0000184,APP01912,Service Error,59:49.3,2120,SRV1,INTEGRATION_TIMEOUT,Upload Service,SES_APP01912
EVT0000185,APP01919,Session Timeout,17:39.8,14786,SRV3,SESSION_TIMEOUT,Application Service,SES_APP01919
EVT0000186,APP01919,Service Error,10:39.8,-6853,SRV3,INTEGRATION_TIMEOUT,Compliance Service,SES_APP01919
EVT0000187,APP01926,Session Timeout,12:56.4,18684,SRV3,SESSION_TIMEOUT,Application Service,SES_APP01926
EVT0000188,APP01960,Session Timeout,28:42.2,25109,SRV1,SESSION_TIMEOUT,Application Service,SES_APP01960
EVT0000189,APP01974,Session Timeout,52:54.6,33895,SRV1,SESSION_TIMEOUT,Application Service,SES_APP01974
EVT0000190,APP01986,Session Timeout,26:25.5,12652,SRV4,SESSION_TIMEOUT,Application Service,SES_APP01986
EVT0000191,APP01990,Session Timeout,50:59.6,29179,SRV1,SESSION_TIMEOUT,Application Service,SES_APP01990
EVT0000192,APP02012,Session Timeout,59:03.4,34782,SRV2,SESSION_TIMEOUT,Application Service,SES_APP02012
EVT0000193,APP02012,Service Error,52:03.4,24342,SRV4,HTTP_5XX,Compliance Service,SES_APP02012
EVT0000194,APP02017,Session Timeout,09:01.6,48095,SRV3,SESSION_TIMEOUT,Application Service,SES_APP02017
EVT0000195,APP02019,Service Error,30:02.2,20495,SRV3,INTEGRATION_TIMEOUT,Compliance Service,SES_APP02019
EVT0000196,APP02031,Service Error,13:39.5,25148,SRV4,HTTP_5XX,Document Service,SES_APP02031
EVT0000197,APP02039,Service Error,58:40.5,23535,SRV2,HTTP_5XX,Upload Service,SES_APP02039
EVT0000198,APP02042,Session Timeout,49:08.0,46784,SRV1,SESSION_TIMEOUT,Application Service,SES_APP02042
EVT0000199,APP02043,Session Timeout,17:48.7,37586,SRV3,SESSION_TIMEOUT,Application Service,SES_APP02043
EVT0000200,APP02043,Service Error,58:48.7,26438,SRV4,HTTP_5XX,Document Service,SES_APP02043
EVT0000201,APP02049,Session Timeout,30:36.0,35947,SRV2,SESSION_TIMEOUT,Application Service,SES_APP02049
EVT0000202,APP02051,Session Timeout,08:11.7,33380,SRV4,SESSION_TIMEOUT,Application Service,SES_APP02051
EVT0000203,APP02058,Service Error,27:17.3,27330,SRV3,HTTP_5XX,Upload Service,SES_APP02058
EVT0000204,APP02059,Service Error,51:40.9,23230,SRV3,HTTP_5XX,Compliance Service,SES_APP02059
EVT0000205,APP02060,Session Timeout,00:25.6,14503,SRV4,SESSION_TIMEOUT,Application Service,SES_APP02060
EVT0000206,APP02064,Session Timeout,28:19.5,47812,SRV1,SESSION_TIMEOUT,Application Service,SES_APP02064
EVT0000207,APP02068,Service Error,21:37.8,24240,SRV3,PROCESSING_ERROR,Upload Service,SES_APP02068
EVT0000208,APP02073,Session Timeout,37:19.1,31916,SRV4,SESSION_TIMEOUT,Application Service,SES_APP02073
EVT0000209,APP02081,Session Timeout,36:41.9,26804,SRV4,SESSION_TIMEOUT,Application Service,SES_APP02081
EVT0000210,APP02088,Session Timeout,33:11.1,27970,SRV2,SESSION_TIMEOUT,Application Service,SES_APP02088
EVT0000211,APP02089,Service Error,46:16.8,24411,SRV3,INTEGRATION_TIMEOUT,Upload Service,SES_APP02089
EVT0000212,APP02090,Session Timeout,07:57.4,39663,SRV1,SESSION_TIMEOUT,Application Service,SES_APP02090
EVT0000213,APP02095,Session Timeout,51:48.5,26424,SRV4,SESSION_TIMEOUT,Application Service,SES_APP02095
EVT0000214,APP02098,Session Timeout,00:08.0,57599,SRV1,SESSION_TIMEOUT,Application Service,SES_APP02098
EVT0000215,APP02101,Session Timeout,06:59.7,41800,SRV4,SESSION_TIMEOUT,Application Service,SES_APP02101
EVT0000216,APP02101,Service Error,02:59.7,30284,SRV4,PROCESSING_ERROR,Document Service,SES_APP02101
EVT0000217,APP02103,Session Timeout,28:15.5,33809,SRV2,SESSION_TIMEOUT,Application Service,SES_APP02103
EVT0000218,APP02104,Session Timeout,26:47.3,34021,SRV4,SESSION_TIMEOUT,Application Service,SES_APP02104
EVT0000219,APP02107,Session Timeout,59:45.3,33568,SRV2,SESSION_TIMEOUT,Application Service,SES_APP02107
EVT0000220,APP02111,Service Error,07:41.0,25095,SRV4,HTTP_5XX,Upload Service,SES_APP02111
EVT0000221,APP02114,Service Error,32:37.6,24156,SRV4,PROCESSING_ERROR,Compliance Service,SES_APP02114
EVT0000222,APP02117,Session Timeout,13:45.3,40912,SRV2,SESSION_TIMEOUT,Application Service,SES_APP02117
EVT0000223,APP02118,Session Timeout,32:43.9,50074,SRV3,SESSION_TIMEOUT,Application Service,SES_APP02118
EVT0000224,APP02119,Session Timeout,30:11.8,38299,SRV2,SESSION_TIMEOUT,Application Service,SES_APP02119
EVT0000225,APP02120,Session Timeout,48:50.5,34586,SRV3,SESSION_TIMEOUT,Application Service,SES_APP02120
EVT0000226,APP02120,Service Error,39:50.5,23067,SRV1,HTTP_5XX,Upload Service,SES_APP02120
EVT0000227,APP02125,Session Timeout,12:25.5,50695,SRV4,SESSION_TIMEOUT,Application Service,SES_APP02125
EVT0000228,APP02132,Session Timeout,49:26.4,37290,SRV2,SESSION_TIMEOUT,Application Service,SES_APP02132
EVT0000229,APP02138,Session Timeout,42:04.0,35440,SRV1,SESSION_TIMEOUT,Application Service,SES_APP02138
EVT0000230,APP02139,Service Error,59:35.3,27774,SRV2,INTEGRATION_TIMEOUT,Document Service,SES_APP02139
EVT0000231,APP02149,Session Timeout,51:08.3,49460,SRV4,SESSION_TIMEOUT,Application Service,SES_APP02149
EVT0000232,APP02153,Service Error,36:14.1,28651,SRV4,INTEGRATION_TIMEOUT,Compliance Service,SES_APP02153
EVT0000233,APP02158,Session Timeout,57:35.1,50745,SRV4,SESSION_TIMEOUT,Application Service,SES_APP02158
EVT0000234,APP02159,Session Timeout,53:26.3,48894,SRV1,SESSION_TIMEOUT,Application Service,SES_APP02159
EVT0000235,APP02162,Session Timeout,47:51.1,32387,SRV2,SESSION_TIMEOUT,Application Service,SES_APP02162
EVT0000236,APP02180,Session Timeout,43:38.2,39443,SRV2,SESSION_TIMEOUT,Application Service,SES_APP02180
EVT0000237,APP02184,Service Error,25:07.4,33107,SRV1,HTTP_5XX,Compliance Service,SES_APP02184
EVT0000238,APP02187,Session Timeout,17:48.9,36526,SRV2,SESSION_TIMEOUT,Application Service,SES_APP02187
EVT0000239,APP02195,Session Timeout,47:24.2,45208,SRV3,SESSION_TIMEOUT,Application Service,SES_APP02195
EVT0000240,APP02200,Service Error,14:36.5,34252,SRV1,HTTP_5XX,Upload Service,SES_APP02200
EVT0000241,APP02202,Session Timeout,23:07.5,37709,SRV3,SESSION_TIMEOUT,Application Service,SES_APP02202
EVT0000242,APP02203,Service Error,03:19.1,39424,SRV1,INTEGRATION_TIMEOUT,Document Service,SES_APP02203
EVT0000243,APP02204,Service Error,29:15.7,36418,SRV1,HTTP_5XX,Document Service,SES_APP02204
EVT0000244,APP02209,Service Error,15:37.3,30764,SRV4,PROCESSING_ERROR,Document Service,SES_APP02209
EVT0000245,APP02210,Service Error,13:22.1,34039,SRV3,HTTP_5XX,Upload Service,SES_APP02210
EVT0000246,APP02212,Service Error,09:30.4,28490,SRV1,HTTP_5XX,Document Service,SES_APP02212
EVT0000247,APP02215,Session Timeout,36:22.3,31245,SRV2,SESSION_TIMEOUT,Application Service,SES_APP02215
EVT0000248,APP02222,Service Error,56:21.7,31252,SRV1,INTEGRATION_TIMEOUT,Compliance Service,SES_APP02222
EVT0000249,APP02226,Session Timeout,37:45.5,28441,SRV3,SESSION_TIMEOUT,Application Service,SES_APP02226
EVT0000250,APP02229,Service Error,23:36.9,31226,SRV2,INTEGRATION_TIMEOUT,Document Service,SES_APP02229
EVT0000251,APP02235,Session Timeout,56:33.2,30441,SRV4,SESSION_TIMEOUT,Application Service,SES_APP02235
EVT0000252,APP02236,Session Timeout,58:30.9,40058,SRV4,SESSION_TIMEOUT,Application Service,SES_APP02236
EVT0000253,APP02238,Session Timeout,29:07.9,25176,SRV2,SESSION_TIMEOUT,Application Service,SES_APP02238
EVT0000254,APP02239,Session Timeout,27:47.3,29085,SRV4,SESSION_TIMEOUT,Application Service,SES_APP02239
EVT0000255,APP02246,Service Error,18:54.0,15734,SRV1,INTEGRATION_TIMEOUT,Document Service,SES_APP02246
EVT0000256,APP02247,Service Error,20:05.6,28922,SRV4,HTTP_5XX,Compliance Service,SES_APP02247
EVT0000257,APP02251,Session Timeout,07:08.1,56713,SRV2,SESSION_TIMEOUT,Application Service,SES_APP02251
EVT0000258,APP02254,Session Timeout,46:30.2,33595,SRV1,SESSION_TIMEOUT,Application Service,SES_APP02254
EVT0000259,APP02255,Session Timeout,40:13.5,38263,SRV2,SESSION_TIMEOUT,Application Service,SES_APP02255
EVT0000260,APP02256,Service Error,14:58.8,15876,SRV2,INTEGRATION_TIMEOUT,Upload Service,SES_APP02256
EVT0000261,APP02261,Session Timeout,14:02.5,54140,SRV1,SESSION_TIMEOUT,Application Service,SES_APP02261
EVT0000262,APP02265,Session Timeout,26:18.1,27357,SRV1,SESSION_TIMEOUT,Application Service,SES_APP02265
EVT0000263,APP02266,Service Error,25:36.0,17549,SRV4,PROCESSING_ERROR,Compliance Service,SES_APP02266
EVT0000264,APP02267,Service Error,16:53.5,30130,SRV1,HTTP_5XX,Document Service,SES_APP02267
EVT0000265,APP02269,Session Timeout,40:01.9,42935,SRV3,SESSION_TIMEOUT,Application Service,SES_APP02269
EVT0000266,APP02271,Service Error,40:10.4,30879,SRV3,HTTP_5XX,Upload Service,SES_APP02271
EVT0000267,APP02273,Session Timeout,37:19.6,35100,SRV2,SESSION_TIMEOUT,Application Service,SES_APP02273
EVT0000268,APP02274,Service Error,25:24.8,25523,SRV1,PROCESSING_ERROR,Document Service,SES_APP02274
EVT0000269,APP02276,Session Timeout,09:55.9,39359,SRV4,SESSION_TIMEOUT,Application Service,SES_APP02276
EVT0000270,APP02282,Service Error,23:11.3,19916,SRV1,PROCESSING_ERROR,Upload Service,SES_APP02282
EVT0000271,APP02296,Session Timeout,07:19.5,46534,SRV3,SESSION_TIMEOUT,Application Service,SES_APP02296
EVT0000272,APP02298,Session Timeout,10:32.9,41790,SRV3,SESSION_TIMEOUT,Application Service,SES_APP02298
EVT0000273,APP02302,Session Timeout,28:24.3,41766,SRV3,SESSION_TIMEOUT,Application Service,SES_APP02302
EVT0000274,APP02310,Service Error,19:12.3,32358,SRV3,HTTP_5XX,Upload Service,SES_APP02310
EVT0000275,APP02315,Session Timeout,30:31.5,52729,SRV4,SESSION_TIMEOUT,Application Service,SES_APP02315
EVT0000276,APP02318,Session Timeout,05:35.8,58373,SRV1,SESSION_TIMEOUT,Application Service,SES_APP02318
EVT0000277,APP02327,Session Timeout,39:58.1,37493,SRV2,SESSION_TIMEOUT,Application Service,SES_APP02327
EVT0000278,APP02331,Service Error,23:22.4,29940,SRV4,HTTP_5XX,Upload Service,SES_APP02331
EVT0000279,APP02332,Service Error,46:28.5,26577,SRV1,INTEGRATION_TIMEOUT,Compliance Service,SES_APP02332
EVT0000280,APP02334,Service Error,37:56.3,31522,SRV3,PROCESSING_ERROR,Upload Service,SES_APP02334
EVT0000281,APP02337,Session Timeout,04:04.8,34552,SRV2,SESSION_TIMEOUT,Application Service,SES_APP02337
EVT0000282,APP02340,Session Timeout,10:38.7,28300,SRV1,SESSION_TIMEOUT,Application Service,SES_APP02340
EVT0000283,APP02353,Session Timeout,32:33.7,26351,SRV4,SESSION_TIMEOUT,Application Service,SES_APP02353
EVT0000284,APP02357,Session Timeout,58:49.4,22325,SRV4,SESSION_TIMEOUT,Application Service,SES_APP02357
EVT0000285,APP02364,Service Error,29:32.4,21503,SRV3,INTEGRATION_TIMEOUT,Upload Service,SES_APP02364
EVT0000286,APP02376,Session Timeout,42:29.7,37736,SRV2,SESSION_TIMEOUT,Application Service,SES_APP02376
EVT0000287,APP02380,Session Timeout,47:43.0,38989,SRV3,SESSION_TIMEOUT,Application Service,SES_APP02380
EVT0000288,APP02386,Session Timeout,00:45.7,47910,SRV1,SESSION_TIMEOUT,Application Service,SES_APP02386
EVT0000289,APP02392,Session Timeout,16:55.5,51043,SRV1,SESSION_TIMEOUT,Application Service,SES_APP02392
EVT0000290,APP02392,Service Error,12:55.5,28067,SRV4,PROCESSING_ERROR,Compliance Service,SES_APP02392
EVT0000291,APP02393,Session Timeout,14:31.4,37334,SRV3,SESSION_TIMEOUT,Application Service,SES_APP02393
EVT0000292,APP02395,Service Error,14:34.0,24271,SRV3,HTTP_5XX,Upload Service,SES_APP02395
EVT0000293,APP02411,Session Timeout,55:22.7,38793,SRV3,SESSION_TIMEOUT,Application Service,SES_APP02411
EVT0000294,APP02412,Service Error,56:38.3,18710,SRV3,INTEGRATION_TIMEOUT,Upload Service,SES_APP02412
EVT0000295,APP02413,Session Timeout,49:32.6,36946,SRV1,SESSION_TIMEOUT,Application Service,SES_APP02413
EVT0000296,APP02416,Session Timeout,56:43.8,40545,SRV2,SESSION_TIMEOUT,Application Service,SES_APP02416
EVT0000297,APP02418,Session Timeout,37:51.6,42634,SRV4,SESSION_TIMEOUT,Application Service,SES_APP02418
EVT0000298,APP02419,Session Timeout,20:03.2,37101,SRV3,SESSION_TIMEOUT,Application Service,SES_APP02419
EVT0000299,APP02426,Session Timeout,38:34.6,28422,SRV1,SESSION_TIMEOUT,Application Service,SES_APP02426
EVT0000300,APP02426,Service Error,34:34.6,37837,SRV2,INTEGRATION_TIMEOUT,Compliance Service,SES_APP02426
EVT0000301,APP02429,Session Timeout,20:19.4,50566,SRV1,SESSION_TIMEOUT,Application Service,SES_APP02429
EVT0000302,APP02433,Service Error,28:45.2,28837,SRV3,PROCESSING_ERROR,Document Service,SES_APP02433
EVT0000303,APP02434,Service Error,41:28.6,36995,SRV2,INTEGRATION_TIMEOUT,Document Service,SES_APP02434
EVT0000304,APP02440,Session Timeout,14:58.2,32805,SRV1,SESSION_TIMEOUT,Application Service,SES_APP02440
EVT0000305,APP02442,Service Error,36:49.6,33822,SRV4,HTTP_5XX,Compliance Service,SES_APP02442
EVT0000306,APP02450,Service Error,06:05.1,38043,SRV2,PROCESSING_ERROR,Compliance Service,SES_APP02450
EVT0000307,APP02454,Session Timeout,30:15.1,41428,SRV2,SESSION_TIMEOUT,Application Service,SES_APP02454
EVT0000308,APP02455,Session Timeout,14:43.7,40556,SRV3,SESSION_TIMEOUT,Application Service,SES_APP02455
EVT0000309,APP02456,Service Error,44:10.6,27432,SRV4,HTTP_5XX,Upload Service,SES_APP02456
EVT0000310,APP02457,Session Timeout,45:45.4,59951,SRV2,SESSION_TIMEOUT,Application Service,SES_APP02457
EVT0000311,APP02460,Session Timeout,24:40.7,43196,SRV3,SESSION_TIMEOUT,Application Service,SES_APP02460
EVT0000312,APP02465,Service Error,03:03.8,34049,SRV1,PROCESSING_ERROR,Upload Service,SES_APP02465
EVT0000313,APP02477,Session Timeout,20:55.4,39125,SRV4,SESSION_TIMEOUT,Application Service,SES_APP02477
EVT0000314,APP02486,Session Timeout,52:10.4,42468,SRV2,SESSION_TIMEOUT,Application Service,SES_APP02486
EVT0000315,APP02486,Service Error,33:10.4,22113,SRV2,INTEGRATION_TIMEOUT,Upload Service,SES_APP02486
EVT0000316,APP02492,Session Timeout,00:57.6,40650,SRV1,SESSION_TIMEOUT,Application Service,SES_APP02492
EVT0000317,APP02494,Session Timeout,02:38.1,44103,SRV1,SESSION_TIMEOUT,Application Service,SES_APP02494
EVT0000318,APP02495,Session Timeout,26:58.1,56655,SRV4,SESSION_TIMEOUT,Application Service,SES_APP02495
EVT0000319,APP02508,Session Timeout,34:33.0,43739,SRV1,SESSION_TIMEOUT,Application Service,SES_APP02508
EVT0000320,APP02512,Session Timeout,54:36.4,43289,SRV4,SESSION_TIMEOUT,Application Service,SES_APP02512
EVT0000321,APP02515,Service Error,17:23.7,28846,SRV4,INTEGRATION_TIMEOUT,Compliance Service,SES_APP02515
EVT0000322,APP02521,Session Timeout,24:14.1,35337,SRV4,SESSION_TIMEOUT,Application Service,SES_APP02521
EVT0000323,APP02539,Session Timeout,35:29.8,36490,SRV3,SESSION_TIMEOUT,Application Service,SES_APP02539
EVT0000324,APP02544,Service Error,38:57.4,27407,SRV4,HTTP_5XX,Compliance Service,SES_APP02544
EVT0000325,APP02549,Session Timeout,31:06.4,43776,SRV4,SESSION_TIMEOUT,Application Service,SES_APP02549
EVT0000326,APP02551,Session Timeout,09:24.7,28069,SRV3,SESSION_TIMEOUT,Application Service,SES_APP02551
EVT0000327,APP02552,Session Timeout,08:34.6,35875,SRV3,SESSION_TIMEOUT,Application Service,SES_APP02552
EVT0000328,APP02557,Service Error,14:05.4,24254,SRV3,PROCESSING_ERROR,Document Service,SES_APP02557
EVT0000329,APP02560,Session Timeout,50:16.9,43242,SRV2,SESSION_TIMEOUT,Application Service,SES_APP02560
EVT0000330,APP02562,Session Timeout,47:26.5,16716,SRV4,SESSION_TIMEOUT,Application Service,SES_APP02562
EVT0000331,APP02566,Service Error,47:16.0,27637,SRV1,INTEGRATION_TIMEOUT,Compliance Service,SES_APP02566
EVT0000332,APP02573,Session Timeout,46:15.5,42642,SRV2,SESSION_TIMEOUT,Application Service,SES_APP02573
EVT0000333,APP02574,Service Error,44:40.6,32578,SRV2,PROCESSING_ERROR,Document Service,SES_APP02574
EVT0000334,APP02575,Service Error,17:22.6,26123,SRV2,INTEGRATION_TIMEOUT,Document Service,SES_APP02575
EVT0000335,APP02581,Session Timeout,35:01.8,39415,SRV1,SESSION_TIMEOUT,Application Service,SES_APP02581
EVT0000336,APP02583,Session Timeout,35:53.5,20115,SRV1,SESSION_TIMEOUT,Application Service,SES_APP02583
EVT0000337,APP02583,Service Error,33:53.5,26546,SRV4,HTTP_5XX,Document Service,SES_APP02583
EVT0000338,APP02586,Session Timeout,29:23.2,32466,SRV3,SESSION_TIMEOUT,Application Service,SES_APP02586
EVT0000339,APP02593,Service Error,19:02.3,26986,SRV4,HTTP_5XX,Upload Service,SES_APP02593
EVT0000340,APP02599,Service Error,24:50.7,21414,SRV3,INTEGRATION_TIMEOUT,Compliance Service,SES_APP02599
EVT0000341,APP02605,Session Timeout,20:49.5,36169,SRV2,SESSION_TIMEOUT,Application Service,SES_APP02605
EVT0000342,APP02606,Session Timeout,34:42.7,30453,SRV1,SESSION_TIMEOUT,Application Service,SES_APP02606
EVT0000343,APP02607,Session Timeout,56:45.1,56775,SRV1,SESSION_TIMEOUT,Application Service,SES_APP02607
EVT0000344,APP02607,Service Error,38:45.1,36857,SRV3,PROCESSING_ERROR,Document Service,SES_APP02607
EVT0000345,APP02609,Session Timeout,12:54.9,49940,SRV1,SESSION_TIMEOUT,Application Service,SES_APP02609
EVT0000346,APP02620,Service Error,59:29.1,34032,SRV4,PROCESSING_ERROR,Compliance Service,SES_APP02620
EVT0000347,APP02622,Session Timeout,15:14.3,29365,SRV1,SESSION_TIMEOUT,Application Service,SES_APP02622
EVT0000348,APP02623,Session Timeout,00:25.1,38224,SRV1,SESSION_TIMEOUT,Application Service,SES_APP02623
EVT0000349,APP02627,Session Timeout,45:24.3,34164,SRV2,SESSION_TIMEOUT,Application Service,SES_APP02627
EVT0000350,APP02629,Session Timeout,22:33.6,45437,SRV2,SESSION_TIMEOUT,Application Service,SES_APP02629
EVT0000351,APP02633,Session Timeout,32:05.3,41911,SRV1,SESSION_TIMEOUT,Application Service,SES_APP02633
EVT0000352,APP02645,Session Timeout,02:17.0,28292,SRV4,SESSION_TIMEOUT,Application Service,SES_APP02645
EVT0000353,APP02646,Session Timeout,22:10.7,43170,SRV1,SESSION_TIMEOUT,Application Service,SES_APP02646
EVT0000354,APP02648,Session Timeout,57:42.9,35397,SRV3,SESSION_TIMEOUT,Application Service,SES_APP02648
EVT0000355,APP02662,Service Error,28:37.7,35103,SRV1,PROCESSING_ERROR,Compliance Service,SES_APP02662
EVT0000356,APP02663,Session Timeout,28:08.3,36366,SRV1,SESSION_TIMEOUT,Application Service,SES_APP02663
EVT0000357,APP02669,Session Timeout,04:32.0,35808,SRV1,SESSION_TIMEOUT,Application Service,SES_APP02669
EVT0000358,APP02673,Session Timeout,59:38.5,42697,SRV1,SESSION_TIMEOUT,Application Service,SES_APP02673
EVT0000359,APP02676,Session Timeout,49:55.2,49540,SRV3,SESSION_TIMEOUT,Application Service,SES_APP02676
EVT0000360,APP02689,Session Timeout,20:35.7,24443,SRV2,SESSION_TIMEOUT,Application Service,SES_APP02689
EVT0000361,APP02690,Session Timeout,15:47.0,43898,SRV4,SESSION_TIMEOUT,Application Service,SES_APP02690
EVT0000362,APP02703,Service Error,02:08.3,28514,SRV2,HTTP_5XX,Compliance Service,SES_APP02703
EVT0000363,APP02709,Session Timeout,50:21.2,43159,SRV3,SESSION_TIMEOUT,Application Service,SES_APP02709
EVT0000364,APP02710,Session Timeout,53:32.9,44069,SRV4,SESSION_TIMEOUT,Application Service,SES_APP02710
EVT0000365,APP02724,Service Error,53:02.4,32644,SRV3,HTTP_5XX,Upload Service,SES_APP02724
EVT0000366,APP02730,Service Error,54:44.8,33874,SRV2,PROCESSING_ERROR,Compliance Service,SES_APP02730
EVT0000367,APP02731,Service Error,55:25.1,29920,SRV1,PROCESSING_ERROR,Document Service,SES_APP02731
EVT0000368,APP02737,Session Timeout,16:21.9,35035,SRV4,SESSION_TIMEOUT,Application Service,SES_APP02737
EVT0000369,APP02739,Service Error,56:21.7,25633,SRV2,PROCESSING_ERROR,Upload Service,SES_APP02739
EVT0000370,APP02740,Session Timeout,09:48.0,41397,SRV1,SESSION_TIMEOUT,Application Service,SES_APP02740
EVT0000371,APP02743,Service Error,31:08.4,19584,SRV2,PROCESSING_ERROR,Upload Service,SES_APP02743
EVT0000372,APP02746,Service Error,37:46.1,20938,SRV2,PROCESSING_ERROR,Upload Service,SES_APP02746
EVT0000373,APP02749,Session Timeout,10:33.9,36563,SRV3,SESSION_TIMEOUT,Application Service,SES_APP02749
EVT0000374,APP02755,Service Error,39:11.1,20913,SRV1,INTEGRATION_TIMEOUT,Upload Service,SES_APP02755
EVT0000375,APP02758,Service Error,43:24.2,41558,SRV3,INTEGRATION_TIMEOUT,Compliance Service,SES_APP02758
EVT0000376,APP02764,Service Error,16:42.3,9240,SRV2,INTEGRATION_TIMEOUT,Document Service,SES_APP02764
EVT0000377,APP02765,Session Timeout,04:08.6,37916,SRV3,SESSION_TIMEOUT,Application Service,SES_APP02765
EVT0000378,APP02766,Session Timeout,47:41.3,43018,SRV1,SESSION_TIMEOUT,Application Service,SES_APP02766
EVT0000379,APP02777,Session Timeout,18:41.1,31337,SRV1,SESSION_TIMEOUT,Application Service,SES_APP02777
EVT0000380,APP02777,Service Error,13:41.1,31289,SRV2,INTEGRATION_TIMEOUT,Compliance Service,SES_APP02777
EVT0000381,APP02785,Service Error,27:03.3,42310,SRV1,HTTP_5XX,Upload Service,SES_APP02785
EVT0000382,APP02796,Session Timeout,39:57.0,23539,SRV3,SESSION_TIMEOUT,Application Service,SES_APP02796
EVT0000383,APP02797,Service Error,47:26.6,20516,SRV2,HTTP_5XX,Compliance Service,SES_APP02797
EVT0000384,APP02800,Session Timeout,50:35.3,35795,SRV2,SESSION_TIMEOUT,Application Service,SES_APP02800
EVT0000385,APP02803,Service Error,10:04.9,32410,SRV3,PROCESSING_ERROR,Compliance Service,SES_APP02803
EVT0000386,APP02805,Session Timeout,49:57.0,30180,SRV4,SESSION_TIMEOUT,Application Service,SES_APP02805
EVT0000387,APP02808,Session Timeout,23:47.7,37947,SRV1,SESSION_TIMEOUT,Application Service,SES_APP02808
EVT0000388,APP02810,Service Error,50:30.5,26838,SRV2,INTEGRATION_TIMEOUT,Upload Service,SES_APP02810
EVT0000389,APP02812,Session Timeout,10:22.8,27207,SRV3,SESSION_TIMEOUT,Application Service,SES_APP02812
EVT0000390,APP02813,Session Timeout,07:33.1,54212,SRV4,SESSION_TIMEOUT,Application Service,SES_APP02813
EVT0000391,APP02820,Session Timeout,03:08.6,30458,SRV3,SESSION_TIMEOUT,Application Service,SES_APP02820
EVT0000392,APP02822,Session Timeout,26:58.1,41955,SRV2,SESSION_TIMEOUT,Application Service,SES_APP02822
EVT0000393,APP02828,Session Timeout,14:22.6,44735,SRV2,SESSION_TIMEOUT,Application Service,SES_APP02828
EVT0000394,APP02830,Session Timeout,53:12.8,45402,SRV4,SESSION_TIMEOUT,Application Service,SES_APP02830
EVT0000395,APP02834,Session Timeout,16:49.5,35072,SRV2,SESSION_TIMEOUT,Application Service,SES_APP02834
EVT0000396,APP02834,Service Error,08:49.5,29551,SRV4,INTEGRATION_TIMEOUT,Upload Service,SES_APP02834
EVT0000397,APP02853,Session Timeout,25:37.5,36413,SRV3,SESSION_TIMEOUT,Application Service,SES_APP02853
EVT0000398,APP02858,Session Timeout,59:58.7,46018,SRV3,SESSION_TIMEOUT,Application Service,SES_APP02858
EVT0000399,APP02859,Session Timeout,17:10.7,42474,SRV3,SESSION_TIMEOUT,Application Service,SES_APP02859
EVT0000400,APP02865,Session Timeout,41:25.1,35443,SRV1,SESSION_TIMEOUT,Application Service,SES_APP02865
EVT0000401,APP02867,Session Timeout,14:26.0,30916,SRV2,SESSION_TIMEOUT,Application Service,SES_APP02867
EVT0000402,APP02868,Service Error,17:14.7,33358,SRV3,INTEGRATION_TIMEOUT,Compliance Service,SES_APP02868
EVT0000403,APP02876,Service Error,07:32.9,23310,SRV4,PROCESSING_ERROR,Document Service,SES_APP02876
EVT0000404,APP02880,Session Timeout,20:02.8,42507,SRV2,SESSION_TIMEOUT,Application Service,SES_APP02880
EVT0000405,APP02884,Session Timeout,06:08.0,38534,SRV4,SESSION_TIMEOUT,Application Service,SES_APP02884
EVT0000406,APP02889,Session Timeout,06:38.6,41455,SRV2,SESSION_TIMEOUT,Application Service,SES_APP02889
EVT0000407,APP02897,Session Timeout,40:40.8,41493,SRV4,SESSION_TIMEOUT,Application Service,SES_APP02897
EVT0000408,APP02898,Session Timeout,27:37.7,51901,SRV1,SESSION_TIMEOUT,Application Service,SES_APP02898
EVT0000409,APP02899,Service Error,14:40.1,35240,SRV2,PROCESSING_ERROR,Upload Service,SES_APP02899
EVT0000410,APP02900,Service Error,53:27.2,27876,SRV3,INTEGRATION_TIMEOUT,Compliance Service,SES_APP02900
EVT0000411,APP02902,Service Error,52:28.8,28744,SRV4,PROCESSING_ERROR,Upload Service,SES_APP02902
EVT0000412,APP02905,Session Timeout,47:04.5,35377,SRV2,SESSION_TIMEOUT,Application Service,SES_APP02905
EVT0000413,APP02907,Session Timeout,00:16.0,36155,SRV4,SESSION_TIMEOUT,Application Service,SES_APP02907
EVT0000414,APP02915,Session Timeout,30:48.9,52242,SRV4,SESSION_TIMEOUT,Application Service,SES_APP02915
EVT0000415,APP02926,Service Error,27:59.1,32343,SRV3,INTEGRATION_TIMEOUT,Compliance Service,SES_APP02926
EVT0000416,APP02933,Session Timeout,55:34.6,36807,SRV1,SESSION_TIMEOUT,Application Service,SES_APP02933
EVT0000417,APP02942,Session Timeout,33:13.5,32318,SRV4,SESSION_TIMEOUT,Application Service,SES_APP02942
EVT0000418,APP02951,Session Timeout,54:20.8,46341,SRV1,SESSION_TIMEOUT,Application Service,SES_APP02951
EVT0000419,APP02959,Session Timeout,06:07.3,51914,SRV2,SESSION_TIMEOUT,Application Service,SES_APP02959
EVT0000420,APP02965,Session Timeout,05:08.2,39689,SRV3,SESSION_TIMEOUT,Application Service,SES_APP02965
EVT0000421,APP02971,Session Timeout,46:59.1,45408,SRV3,SESSION_TIMEOUT,Application Service,SES_APP02971
EVT0000422,APP02972,Service Error,23:25.8,32653,SRV2,HTTP_5XX,Compliance Service,SES_APP02972
EVT0000423,APP02973,Service Error,33:39.7,34403,SRV3,PROCESSING_ERROR,Document Service,SES_APP02973
EVT0000424,APP02976,Service Error,51:44.9,31609,SRV2,INTEGRATION_TIMEOUT,Document Service,SES_APP02976
EVT0000425,APP02979,Session Timeout,37:17.2,46904,SRV3,SESSION_TIMEOUT,Application Service,SES_APP02979
EVT0000426,APP02979,Service Error,21:17.2,29420,SRV2,INTEGRATION_TIMEOUT,Compliance Service,SES_APP02979
EVT0000427,APP02988,Service Error,05:40.6,42033,SRV1,PROCESSING_ERROR,Document Service,SES_APP02988
EVT0000428,APP02995,Session Timeout,39:26.3,42556,SRV4,SESSION_TIMEOUT,Application Service,SES_APP02995
EVT0000429,APP02999,Service Error,08:26.1,16690,SRV3,INTEGRATION_TIMEOUT,Compliance Service,SES_APP02999
EVT0000430,APP03003,Session Timeout,39:14.3,38258,SRV2,SESSION_TIMEOUT,Application Service,SES_APP03003
EVT0000431,APP03008,Service Error,11:25.6,26170,SRV3,INTEGRATION_TIMEOUT,Compliance Service,SES_APP03008
EVT0000432,APP03015,Session Timeout,07:23.6,17856,SRV4,SESSION_TIMEOUT,Application Service,SES_APP03015
EVT0000433,APP03020,Session Timeout,50:47.4,22817,SRV1,SESSION_TIMEOUT,Application Service,SES_APP03020
EVT0000434,APP03031,Service Error,19:24.6,29176,SRV1,PROCESSING_ERROR,Upload Service,SES_APP03031
EVT0000435,APP03037,Service Error,10:40.5,14557,SRV2,INTEGRATION_TIMEOUT,Compliance Service,SES_APP03037
EVT0000436,APP03041,Service Error,34:57.7,37618,SRV2,HTTP_5XX,Document Service,SES_APP03041
EVT0000437,APP03047,Session Timeout,55:16.8,25790,SRV1,SESSION_TIMEOUT,Application Service,SES_APP03047
EVT0000438,APP03049,Session Timeout,15:17.4,34551,SRV3,SESSION_TIMEOUT,Application Service,SES_APP03049
EVT0000439,APP03050,Session Timeout,36:30.2,22405,SRV2,SESSION_TIMEOUT,Application Service,SES_APP03050
EVT0000440,APP03052,Session Timeout,47:33.2,38559,SRV3,SESSION_TIMEOUT,Application Service,SES_APP03052
EVT0000441,APP03053,Service Error,15:51.3,25109,SRV4,HTTP_5XX,Compliance Service,SES_APP03053
EVT0000442,APP03057,Service Error,03:59.3,13605,SRV4,PROCESSING_ERROR,Document Service,SES_APP03057
EVT0000443,APP03061,Session Timeout,28:52.2,38607,SRV1,SESSION_TIMEOUT,Application Service,SES_APP03061
EVT0000444,APP03064,Service Error,18:59.8,38177,SRV4,PROCESSING_ERROR,Upload Service,SES_APP03064
EVT0000445,APP03066,Session Timeout,10:46.9,35686,SRV3,SESSION_TIMEOUT,Application Service,SES_APP03066
EVT0000446,APP03070,Service Error,52:42.2,26088,SRV4,HTTP_5XX,Compliance Service,SES_APP03070
EVT0000447,APP03078,Session Timeout,16:45.0,43512,SRV2,SESSION_TIMEOUT,Application Service,SES_APP03078
EVT0000448,APP03090,Service Error,02:17.2,27002,SRV4,HTTP_5XX,Document Service,SES_APP03090
EVT0000449,APP03094,Service Error,44:06.1,30214,SRV2,PROCESSING_ERROR,Compliance Service,SES_APP03094
EVT0000450,APP03096,Service Error,09:46.3,28028,SRV1,PROCESSING_ERROR,Document Service,SES_APP03096
EVT0000451,APP03097,Service Error,59:33.7,18818,SRV3,PROCESSING_ERROR,Compliance Service,SES_APP03097
EVT0000452,APP03100,Session Timeout,40:57.9,30528,SRV1,SESSION_TIMEOUT,Application Service,SES_APP03100
EVT0000453,APP03109,Service Error,06:47.9,31505,SRV3,PROCESSING_ERROR,Document Service,SES_APP03109
EVT0000454,APP03112,Session Timeout,21:55.9,15361,SRV1,SESSION_TIMEOUT,Application Service,SES_APP03112
EVT0000455,APP03116,Session Timeout,47:41.7,32651,SRV1,SESSION_TIMEOUT,Application Service,SES_APP03116
EVT0000456,APP03125,Session Timeout,03:12.5,45837,SRV4,SESSION_TIMEOUT,Application Service,SES_APP03125
EVT0000457,APP03126,Session Timeout,19:25.4,50916,SRV4,SESSION_TIMEOUT,Application Service,SES_APP03126
EVT0000458,APP03137,Service Error,39:22.2,34437,SRV2,HTTP_5XX,Document Service,SES_APP03137
EVT0000459,APP03138,Service Error,55:32.9,18174,SRV4,PROCESSING_ERROR,Compliance Service,SES_APP03138
EVT0000460,APP03139,Service Error,37:59.3,12892,SRV2,HTTP_5XX,Upload Service,SES_APP03139
EVT0000461,APP03153,Session Timeout,58:21.2,39204,SRV2,SESSION_TIMEOUT,Application Service,SES_APP03153
EVT0000462,APP03158,Session Timeout,19:57.3,44386,SRV2,SESSION_TIMEOUT,Application Service,SES_APP03158
EVT0000463,APP03163,Session Timeout,01:14.3,32838,SRV4,SESSION_TIMEOUT,Application Service,SES_APP03163
EVT0000464,APP03165,Session Timeout,20:14.9,37760,SRV2,SESSION_TIMEOUT,Application Service,SES_APP03165
EVT0000465,APP03174,Session Timeout,28:13.2,33371,SRV3,SESSION_TIMEOUT,Application Service,SES_APP03174
EVT0000466,APP03178,Service Error,28:31.6,30627,SRV4,HTTP_5XX,Document Service,SES_APP03178
EVT0000467,APP03180,Session Timeout,51:57.4,38393,SRV3,SESSION_TIMEOUT,Application Service,SES_APP03180
EVT0000468,APP03183,Session Timeout,26:44.5,41711,SRV3,SESSION_TIMEOUT,Application Service,SES_APP03183
EVT0000469,APP03183,Service Error,19:44.5,40266,SRV1,INTEGRATION_TIMEOUT,Compliance Service,SES_APP03183
EVT0000470,APP03186,Session Timeout,16:22.6,40113,SRV2,SESSION_TIMEOUT,Application Service,SES_APP03186
EVT0000471,APP03213,Session Timeout,42:54.6,38366,SRV2,SESSION_TIMEOUT,Application Service,SES_APP03213
EVT0000472,APP03216,Service Error,37:03.8,36038,SRV4,INTEGRATION_TIMEOUT,Upload Service,SES_APP03216
EVT0000473,APP03231,Session Timeout,58:56.5,36221,SRV3,SESSION_TIMEOUT,Application Service,SES_APP03231
EVT0000474,APP03235,Service Error,53:17.9,16110,SRV1,PROCESSING_ERROR,Document Service,SES_APP03235
EVT0000475,APP03243,Session Timeout,56:21.4,30331,SRV4,SESSION_TIMEOUT,Application Service,SES_APP03243
EVT0000476,APP03251,Service Error,22:00.0,29266,SRV3,INTEGRATION_TIMEOUT,Upload Service,SES_APP03251
EVT0000477,APP03252,Session Timeout,43:08.0,30883,SRV2,SESSION_TIMEOUT,Application Service,SES_APP03252
EVT0000478,APP03256,Session Timeout,10:12.8,41005,SRV2,SESSION_TIMEOUT,Application Service,SES_APP03256
EVT0000479,APP03263,Service Error,00:46.4,27543,SRV1,HTTP_5XX,Document Service,SES_APP03263
EVT0000480,APP03264,Session Timeout,33:39.9,47331,SRV4,SESSION_TIMEOUT,Application Service,SES_APP03264
EVT0000481,APP03266,Session Timeout,19:53.7,36402,SRV1,SESSION_TIMEOUT,Application Service,SES_APP03266
EVT0000482,APP03267,Session Timeout,27:16.8,40443,SRV3,SESSION_TIMEOUT,Application Service,SES_APP03267
EVT0000483,APP03267,Service Error,08:16.8,23706,SRV3,HTTP_5XX,Document Service,SES_APP03267
EVT0000484,APP03269,Session Timeout,01:46.8,40539,SRV2,SESSION_TIMEOUT,Application Service,SES_APP03269
EVT0000485,APP03272,Service Error,55:52.5,16212,SRV2,INTEGRATION_TIMEOUT,Compliance Service,SES_APP03272
EVT0000486,APP03275,Session Timeout,57:46.7,36165,SRV4,SESSION_TIMEOUT,Application Service,SES_APP03275
EVT0000487,APP03276,Session Timeout,21:43.7,49892,SRV1,SESSION_TIMEOUT,Application Service,SES_APP03276
EVT0000488,APP03285,Session Timeout,50:26.3,58006,SRV3,SESSION_TIMEOUT,Application Service,SES_APP03285
EVT0000489,APP03290,Service Error,00:28.1,28192,SRV1,HTTP_5XX,Compliance Service,SES_APP03290
EVT0000490,APP03295,Session Timeout,24:55.6,40740,SRV3,SESSION_TIMEOUT,Application Service,SES_APP03295
EVT0000491,APP03306,Service Error,08:49.1,37331,SRV1,PROCESSING_ERROR,Upload Service,SES_APP03306
EVT0000492,APP03312,Session Timeout,51:39.3,48754,SRV4,SESSION_TIMEOUT,Application Service,SES_APP03312
EVT0000493,APP03314,Session Timeout,06:28.4,36152,SRV3,SESSION_TIMEOUT,Application Service,SES_APP03314
EVT0000494,APP03316,Service Error,22:03.1,29537,SRV4,INTEGRATION_TIMEOUT,Upload Service,SES_APP03316
EVT0000495,APP03317,Session Timeout,41:41.4,32104,SRV4,SESSION_TIMEOUT,Application Service,SES_APP03317
EVT0000496,APP03318,Service Error,40:15.2,24423,SRV3,PROCESSING_ERROR,Upload Service,SES_APP03318
EVT0000497,APP03320,Session Timeout,34:54.1,34935,SRV3,SESSION_TIMEOUT,Application Service,SES_APP03320
EVT0000498,APP03323,Session Timeout,20:57.6,30950,SRV4,SESSION_TIMEOUT,Application Service,SES_APP03323
EVT0000499,APP03328,Service Error,56:17.7,33463,SRV3,INTEGRATION_TIMEOUT,Compliance Service,SES_APP03328
EVT0000500,APP03329,Service Error,10:16.3,32925,SRV4,PROCESSING_ERROR,Compliance Service,SES_APP03329
EVT0000501,APP03330,Service Error,07:31.8,49052,SRV1,INTEGRATION_TIMEOUT,Compliance Service,SES_APP03330
EVT0000502,APP03331,Session Timeout,41:08.6,24083,SRV1,SESSION_TIMEOUT,Application Service,SES_APP03331
EVT0000503,APP03340,Session Timeout,24:44.3,46382,SRV2,SESSION_TIMEOUT,Application Service,SES_APP03340
EVT0000504,APP03341,Session Timeout,12:12.7,28907,SRV1,SESSION_TIMEOUT,Application Service,SES_APP03341
EVT0000505,APP03347,Session Timeout,30:45.8,19947,SRV2,SESSION_TIMEOUT,Application Service,SES_APP03347
EVT0000506,APP03348,Service Error,37:42.0,17793,SRV4,INTEGRATION_TIMEOUT,Upload Service,SES_APP03348
EVT0000507,APP03361,Session Timeout,13:10.6,46781,SRV4,SESSION_TIMEOUT,Application Service,SES_APP03361
EVT0000508,APP03363,Service Error,51:19.8,35934,SRV4,HTTP_5XX,Upload Service,SES_APP03363
EVT0000509,APP03370,Session Timeout,10:30.9,32981,SRV4,SESSION_TIMEOUT,Application Service,SES_APP03370
EVT0000510,APP03375,Session Timeout,44:29.2,33520,SRV2,SESSION_TIMEOUT,Application Service,SES_APP03375
EVT0000511,APP03380,Session Timeout,06:35.3,23319,SRV2,SESSION_TIMEOUT,Application Service,SES_APP03380
EVT0000512,APP03381,Service Error,02:15.4,26882,SRV1,HTTP_5XX,Compliance Service,SES_APP03381
EVT0000513,APP03393,Session Timeout,10:48.8,37039,SRV2,SESSION_TIMEOUT,Application Service,SES_APP03393
EVT0000514,APP03394,Service Error,15:21.1,32222,SRV4,INTEGRATION_TIMEOUT,Compliance Service,SES_APP03394
EVT0000515,APP03400,Session Timeout,10:31.5,48845,SRV3,SESSION_TIMEOUT,Application Service,SES_APP03400
EVT0000516,APP03407,Session Timeout,42:16.8,32103,SRV2,SESSION_TIMEOUT,Application Service,SES_APP03407
EVT0000517,APP03409,Session Timeout,54:06.6,29253,SRV3,SESSION_TIMEOUT,Application Service,SES_APP03409
EVT0000518,APP03410,Service Error,57:41.7,33621,SRV2,HTTP_5XX,Compliance Service,SES_APP03410
EVT0000519,APP03413,Service Error,13:34.3,35623,SRV1,PROCESSING_ERROR,Document Service,SES_APP03413
EVT0000520,APP03416,Service Error,48:22.7,19929,SRV1,INTEGRATION_TIMEOUT,Compliance Service,SES_APP03416
EVT0000521,APP03423,Service Error,08:23.7,30996,SRV2,INTEGRATION_TIMEOUT,Compliance Service,SES_APP03423
EVT0000522,APP03424,Session Timeout,22:57.4,52716,SRV2,SESSION_TIMEOUT,Application Service,SES_APP03424
EVT0000523,APP03427,Session Timeout,58:16.6,40941,SRV3,SESSION_TIMEOUT,Application Service,SES_APP03427
EVT0000524,APP03435,Session Timeout,34:58.2,37083,SRV3,SESSION_TIMEOUT,Application Service,SES_APP03435
EVT0000525,APP03437,Session Timeout,18:21.2,35086,SRV1,SESSION_TIMEOUT,Application Service,SES_APP03437
EVT0000526,APP03440,Service Error,14:10.2,28527,SRV1,INTEGRATION_TIMEOUT,Compliance Service,SES_APP03440
EVT0000527,APP03441,Session Timeout,05:11.1,36170,SRV3,SESSION_TIMEOUT,Application Service,SES_APP03441
EVT0000528,APP03445,Session Timeout,03:08.2,29586,SRV2,SESSION_TIMEOUT,Application Service,SES_APP03445
EVT0000529,APP03448,Session Timeout,09:46.1,57105,SRV2,SESSION_TIMEOUT,Application Service,SES_APP03448
EVT0000530,APP03450,Session Timeout,06:21.6,34144,SRV3,SESSION_TIMEOUT,Application Service,SES_APP03450
EVT0000531,APP03466,Session Timeout,01:31.9,51597,SRV2,SESSION_TIMEOUT,Application Service,SES_APP03466
EVT0000532,APP03468,Service Error,33:14.5,17089,SRV2,INTEGRATION_TIMEOUT,Upload Service,SES_APP03468
EVT0000533,APP03470,Session Timeout,55:28.8,41607,SRV1,SESSION_TIMEOUT,Application Service,SES_APP03470
EVT0000534,APP03474,Service Error,27:11.7,27604,SRV1,INTEGRATION_TIMEOUT,Compliance Service,SES_APP03474
EVT0000535,APP03476,Session Timeout,09:06.5,41152,SRV4,SESSION_TIMEOUT,Application Service,SES_APP03476
EVT0000536,APP03477,Service Error,35:59.7,21601,SRV2,PROCESSING_ERROR,Compliance Service,SES_APP03477
EVT0000537,APP03490,Service Error,44:53.7,25468,SRV1,HTTP_5XX,Compliance Service,SES_APP03490
EVT0000538,APP03491,Session Timeout,00:48.7,34692,SRV4,SESSION_TIMEOUT,Application Service,SES_APP03491
EVT0000539,APP03492,Session Timeout,23:21.9,45654,SRV3,SESSION_TIMEOUT,Application Service,SES_APP03492
EVT0000540,APP03495,Service Error,06:38.0,28415,SRV3,INTEGRATION_TIMEOUT,Upload Service,SES_APP03495
EVT0000541,APP03501,Session Timeout,09:47.2,29094,SRV4,SESSION_TIMEOUT,Application Service,SES_APP03501
EVT0000542,APP03511,Service Error,55:19.6,28645,SRV3,INTEGRATION_TIMEOUT,Document Service,SES_APP03511
EVT0000543,APP03517,Service Error,22:41.8,31518,SRV4,HTTP_5XX,Upload Service,SES_APP03517
EVT0000544,APP03522,Service Error,34:36.5,27051,SRV2,PROCESSING_ERROR,Document Service,SES_APP03522
EVT0000545,APP03525,Service Error,22:38.5,33933,SRV3,HTTP_5XX,Upload Service,SES_APP03525
EVT0000546,APP03528,Session Timeout,11:48.4,40968,SRV2,SESSION_TIMEOUT,Application Service,SES_APP03528
EVT0000547,APP03531,Service Error,03:11.8,34451,SRV4,HTTP_5XX,Compliance Service,SES_APP03531
EVT0000548,APP03534,Session Timeout,29:08.6,44692,SRV1,SESSION_TIMEOUT,Application Service,SES_APP03534
EVT0000549,APP03536,Service Error,11:31.2,33727,SRV4,HTTP_5XX,Document Service,SES_APP03536
EVT0000550,APP03538,Service Error,35:09.4,31282,SRV1,HTTP_5XX,Document Service,SES_APP03538
EVT0000551,APP03539,Service Error,16:11.3,31544,SRV4,PROCESSING_ERROR,Document Service,SES_APP03539
EVT0000552,APP03540,Session Timeout,58:30.7,35046,SRV2,SESSION_TIMEOUT,Application Service,SES_APP03540
EVT0000553,APP03541,Service Error,18:19.6,22148,SRV1,INTEGRATION_TIMEOUT,Upload Service,SES_APP03541
EVT0000554,APP03546,Session Timeout,28:47.0,41163,SRV4,SESSION_TIMEOUT,Application Service,SES_APP03546
EVT0000555,APP03551,Session Timeout,05:42.9,30336,SRV3,SESSION_TIMEOUT,Application Service,SES_APP03551
EVT0000556,APP03552,Session Timeout,53:14.6,25231,SRV1,SESSION_TIMEOUT,Application Service,SES_APP03552
EVT0000557,APP03553,Session Timeout,32:59.6,47190,SRV4,SESSION_TIMEOUT,Application Service,SES_APP03553
EVT0000558,APP03554,Session Timeout,33:26.2,37679,SRV2,SESSION_TIMEOUT,Application Service,SES_APP03554
EVT0000559,APP03558,Session Timeout,02:19.5,49230,SRV2,SESSION_TIMEOUT,Application Service,SES_APP03558
EVT0000560,APP03559,Session Timeout,32:59.7,28750,SRV3,SESSION_TIMEOUT,Application Service,SES_APP03559
EVT0000561,APP03559,Service Error,20:59.7,32538,SRV3,PROCESSING_ERROR,Document Service,SES_APP03559
EVT0000562,APP03560,Service Error,46:01.0,31040,SRV2,PROCESSING_ERROR,Document Service,SES_APP03560
EVT0000563,APP03569,Session Timeout,51:36.6,34417,SRV1,SESSION_TIMEOUT,Application Service,SES_APP03569
EVT0000564,APP03571,Service Error,49:30.2,28452,SRV1,HTTP_5XX,Upload Service,SES_APP03571
EVT0000565,APP03579,Session Timeout,28:49.6,34434,SRV1,SESSION_TIMEOUT,Application Service,SES_APP03579
EVT0000566,APP03593,Session Timeout,42:56.9,37357,SRV1,SESSION_TIMEOUT,Application Service,SES_APP03593
EVT0000567,APP03593,Service Error,23:56.9,24199,SRV3,PROCESSING_ERROR,Document Service,SES_APP03593
EVT0000568,APP03594,Session Timeout,33:31.1,38343,SRV2,SESSION_TIMEOUT,Application Service,SES_APP03594
EVT0000569,APP03597,Session Timeout,17:37.8,36974,SRV1,SESSION_TIMEOUT,Application Service,SES_APP03597
EVT0000570,APP03598,Session Timeout,42:20.3,41404,SRV4,SESSION_TIMEOUT,Application Service,SES_APP03598
EVT0000571,APP03620,Service Error,50:39.6,32859,SRV2,PROCESSING_ERROR,Upload Service,SES_APP03620
EVT0000572,APP03628,Service Error,39:37.7,44358,SRV4,HTTP_5XX,Upload Service,SES_APP03628
EVT0000573,APP03632,Session Timeout,18:23.1,46035,SRV3,SESSION_TIMEOUT,Application Service,SES_APP03632
EVT0000574,APP03640,Session Timeout,17:08.5,32250,SRV4,SESSION_TIMEOUT,Application Service,SES_APP03640
EVT0000575,APP03640,Service Error,07:08.5,23708,SRV3,INTEGRATION_TIMEOUT,Upload Service,SES_APP03640
EVT0000576,APP03642,Session Timeout,51:51.6,30090,SRV2,SESSION_TIMEOUT,Application Service,SES_APP03642
EVT0000577,APP03644,Session Timeout,52:36.3,45606,SRV1,SESSION_TIMEOUT,Application Service,SES_APP03644
EVT0000578,APP03647,Session Timeout,30:05.2,49206,SRV3,SESSION_TIMEOUT,Application Service,SES_APP03647
EVT0000579,APP03655,Session Timeout,09:39.0,43988,SRV3,SESSION_TIMEOUT,Application Service,SES_APP03655
EVT0000580,APP03663,Session Timeout,37:58.7,33348,SRV4,SESSION_TIMEOUT,Application Service,SES_APP03663
EVT0000581,APP03669,Session Timeout,28:18.6,44669,SRV2,SESSION_TIMEOUT,Application Service,SES_APP03669
EVT0000582,APP03671,Session Timeout,23:52.8,39673,SRV3,SESSION_TIMEOUT,Application Service,SES_APP03671
EVT0000583,APP03674,Session Timeout,06:48.6,29909,SRV1,SESSION_TIMEOUT,Application Service,SES_APP03674
EVT0000584,APP03676,Session Timeout,19:47.1,41963,SRV4,SESSION_TIMEOUT,Application Service,SES_APP03676
EVT0000585,APP03678,Session Timeout,47:19.2,24506,SRV2,SESSION_TIMEOUT,Application Service,SES_APP03678
EVT0000586,APP03691,Service Error,02:04.2,19869,SRV1,PROCESSING_ERROR,Upload Service,SES_APP03691
EVT0000587,APP03701,Service Error,44:41.2,39883,SRV1,INTEGRATION_TIMEOUT,Document Service,SES_APP03701
EVT0000588,APP03711,Session Timeout,42:24.2,32370,SRV2,SESSION_TIMEOUT,Application Service,SES_APP03711
EVT0000589,APP03720,Session Timeout,11:33.8,37810,SRV4,SESSION_TIMEOUT,Application Service,SES_APP03720
EVT0000590,APP03727,Service Error,57:41.6,26233,SRV1,INTEGRATION_TIMEOUT,Document Service,SES_APP03727
EVT0000591,APP03731,Session Timeout,55:25.4,28462,SRV4,SESSION_TIMEOUT,Application Service,SES_APP03731
EVT0000592,APP03733,Session Timeout,13:14.1,61283,SRV4,SESSION_TIMEOUT,Application Service,SES_APP03733
EVT0000593,APP03734,Session Timeout,12:18.2,37191,SRV1,SESSION_TIMEOUT,Application Service,SES_APP03734
EVT0000594,APP03744,Session Timeout,18:15.6,19807,SRV4,SESSION_TIMEOUT,Application Service,SES_APP03744
EVT0000595,APP03748,Service Error,23:58.0,30375,SRV3,HTTP_5XX,Upload Service,SES_APP03748
EVT0000596,APP03750,Session Timeout,04:10.1,52245,SRV2,SESSION_TIMEOUT,Application Service,SES_APP03750
EVT0000597,APP03753,Session Timeout,19:49.9,42824,SRV1,SESSION_TIMEOUT,Application Service,SES_APP03753
EVT0000598,APP03757,Session Timeout,33:03.1,42131,SRV1,SESSION_TIMEOUT,Application Service,SES_APP03757
EVT0000599,APP03759,Service Error,19:28.2,25330,SRV1,HTTP_5XX,Document Service,SES_APP03759
EVT0000600,APP03763,Session Timeout,54:17.8,44612,SRV4,SESSION_TIMEOUT,Application Service,SES_APP03763
EVT0000601,APP03764,Session Timeout,23:12.2,21852,SRV3,SESSION_TIMEOUT,Application Service,SES_APP03764
EVT0000602,APP03765,Session Timeout,01:03.0,28275,SRV1,SESSION_TIMEOUT,Application Service,SES_APP03765
EVT0000603,APP03767,Service Error,34:53.1,22911,SRV2,PROCESSING_ERROR,Document Service,SES_APP03767
EVT0000604,APP03769,Session Timeout,59:09.8,36005,SRV2,SESSION_TIMEOUT,Application Service,SES_APP03769
EVT0000605,APP03772,Session Timeout,35:46.7,24495,SRV1,SESSION_TIMEOUT,Application Service,SES_APP03772
EVT0000606,APP03779,Session Timeout,36:10.0,52969,SRV4,SESSION_TIMEOUT,Application Service,SES_APP03779
EVT0000607,APP03787,Service Error,07:27.3,20937,SRV3,INTEGRATION_TIMEOUT,Compliance Service,SES_APP03787
EVT0000608,APP03795,Session Timeout,26:06.1,44494,SRV2,SESSION_TIMEOUT,Application Service,SES_APP03795
EVT0000609,APP03802,Service Error,21:43.3,18038,SRV3,INTEGRATION_TIMEOUT,Document Service,SES_APP03802
EVT0000610,APP03804,Session Timeout,57:33.2,28648,SRV3,SESSION_TIMEOUT,Application Service,SES_APP03804
EVT0000611,APP03806,Service Error,21:47.9,22567,SRV2,INTEGRATION_TIMEOUT,Upload Service,SES_APP03806
EVT0000612,APP03812,Service Error,14:04.3,41207,SRV4,HTTP_5XX,Compliance Service,SES_APP03812
EVT0000613,APP03814,Session Timeout,55:00.9,38856,SRV2,SESSION_TIMEOUT,Application Service,SES_APP03814
EVT0000614,APP03816,Session Timeout,40:50.0,55875,SRV4,SESSION_TIMEOUT,Application Service,SES_APP03816
EVT0000615,APP03822,Session Timeout,56:31.7,38628,SRV2,SESSION_TIMEOUT,Application Service,SES_APP03822
EVT0000616,APP03831,Session Timeout,25:04.2,36396,SRV2,SESSION_TIMEOUT,Application Service,SES_APP03831
EVT0000617,APP03835,Session Timeout,46:21.3,41861,SRV1,SESSION_TIMEOUT,Application Service,SES_APP03835
EVT0000618,APP03841,Service Error,34:58.6,28039,SRV2,PROCESSING_ERROR,Upload Service,SES_APP03841
EVT0000619,APP03842,Session Timeout,59:07.0,49519,SRV2,SESSION_TIMEOUT,Application Service,SES_APP03842
EVT0000620,APP03842,Service Error,44:07.0,23690,SRV3,HTTP_5XX,Document Service,SES_APP03842
EVT0000621,APP03847,Session Timeout,55:54.7,35637,SRV3,SESSION_TIMEOUT,Application Service,SES_APP03847
EVT0000622,APP03850,Service Error,31:35.6,19647,SRV1,HTTP_5XX,Document Service,SES_APP03850
EVT0000623,APP03854,Service Error,58:32.1,20879,SRV2,PROCESSING_ERROR,Document Service,SES_APP03854
EVT0000624,APP03860,Service Error,36:17.9,24307,SRV4,INTEGRATION_TIMEOUT,Upload Service,SES_APP03860
EVT0000625,APP03862,Session Timeout,02:28.1,32462,SRV4,SESSION_TIMEOUT,Application Service,SES_APP03862
EVT0000626,APP03864,Session Timeout,55:16.4,33725,SRV3,SESSION_TIMEOUT,Application Service,SES_APP03864
EVT0000627,APP03866,Session Timeout,29:10.0,32592,SRV1,SESSION_TIMEOUT,Application Service,SES_APP03866
EVT0000628,APP03868,Session Timeout,48:23.8,38993,SRV1,SESSION_TIMEOUT,Application Service,SES_APP03868
EVT0000629,APP03872,Session Timeout,08:52.9,50174,SRV2,SESSION_TIMEOUT,Application Service,SES_APP03872
EVT0000630,APP03874,Session Timeout,48:17.3,36955,SRV2,SESSION_TIMEOUT,Application Service,SES_APP03874
EVT0000631,APP03885,Service Error,30:32.6,33980,SRV4,HTTP_5XX,Compliance Service,SES_APP03885
EVT0000632,APP03891,Session Timeout,28:01.9,46612,SRV1,SESSION_TIMEOUT,Application Service,SES_APP03891
EVT0000633,APP03893,Session Timeout,31:56.8,40773,SRV2,SESSION_TIMEOUT,Application Service,SES_APP03893
EVT0000634,APP03895,Service Error,27:34.1,29590,SRV3,HTTP_5XX,Upload Service,SES_APP03895
EVT0000635,APP03896,Session Timeout,07:33.2,45620,SRV3,SESSION_TIMEOUT,Application Service,SES_APP03896
EVT0000636,APP03897,Session Timeout,36:01.4,35793,SRV1,SESSION_TIMEOUT,Application Service,SES_APP03897
EVT0000637,APP03899,Service Error,51:02.8,25155,SRV4,INTEGRATION_TIMEOUT,Compliance Service,SES_APP03899
EVT0000638,APP03908,Session Timeout,02:38.5,39293,SRV3,SESSION_TIMEOUT,Application Service,SES_APP03908
EVT0000639,APP03910,Session Timeout,59:28.7,35026,SRV4,SESSION_TIMEOUT,Application Service,SES_APP03910
EVT0000640,APP03919,Service Error,28:53.0,28798,SRV1,HTTP_5XX,Compliance Service,SES_APP03919
EVT0000641,APP03922,Session Timeout,26:36.1,44569,SRV2,SESSION_TIMEOUT,Application Service,SES_APP03922
EVT0000642,APP03930,Service Error,33:36.7,36059,SRV3,PROCESSING_ERROR,Compliance Service,SES_APP03930
EVT0000643,APP03932,Session Timeout,49:45.3,46963,SRV1,SESSION_TIMEOUT,Application Service,SES_APP03932
EVT0000644,APP03934,Session Timeout,59:14.3,69844,SRV2,SESSION_TIMEOUT,Application Service,SES_APP03934
EVT0000645,APP03935,Service Error,01:03.4,31197,SRV4,HTTP_5XX,Upload Service,SES_APP03935
EVT0000646,APP03946,Session Timeout,00:06.6,29777,SRV2,SESSION_TIMEOUT,Application Service,SES_APP03946
EVT0000647,APP03954,Session Timeout,57:47.7,39770,SRV1,SESSION_TIMEOUT,Application Service,SES_APP03954
EVT0000648,APP03956,Session Timeout,18:58.3,27852,SRV1,SESSION_TIMEOUT,Application Service,SES_APP03956
EVT0000649,APP03962,Service Error,26:11.9,28667,SRV2,INTEGRATION_TIMEOUT,Compliance Service,SES_APP03962
EVT0000650,APP03966,Service Error,02:10.5,27257,SRV4,PROCESSING_ERROR,Compliance Service,SES_APP03966
EVT0000651,APP03979,Session Timeout,58:49.7,31340,SRV1,SESSION_TIMEOUT,Application Service,SES_APP03979
EVT0000652,APP03980,Service Error,58:15.0,19966,SRV2,HTTP_5XX,Document Service,SES_APP03980
EVT0000653,APP03988,Session Timeout,56:18.6,25929,SRV3,SESSION_TIMEOUT,Application Service,SES_APP03988
EVT0000654,APP03992,Session Timeout,17:07.7,29679,SRV4,SESSION_TIMEOUT,Application Service,SES_APP03992
EVT0000655,APP03992,Service Error,10:07.7,32579,SRV3,PROCESSING_ERROR,Document Service,SES_APP03992
EVT0000656,APP03994,Session Timeout,38:02.4,34428,SRV2,SESSION_TIMEOUT,Application Service,SES_APP03994
EVT0000657,APP03997,Service Error,20:27.4,26181,SRV1,INTEGRATION_TIMEOUT,Document Service,SES_APP03997
EVT0000658,APP03999,Session Timeout,34:48.2,34554,SRV2,SESSION_TIMEOUT,Application Service,SES_APP03999
